﻿{
    "Language":  "en-US",
    "RulebookVersion":  "v9.3.1",
    "WebService":  {
                       "SiteName":  "CertificateSurveillance",
                       "SitePath":  "C:\\inetpub\\wwwroot\\CertificateSurveillance",
                       "HttpPort":  9080,
                       "HttpsPort":  9443,
                       "SubjectName":  "localhost",
                       "UpdateIntervalMinutes":  60
                   },
    "Certificate":  {
                        "ValidityDays":  365,
                        "FilterMicrosoft":  true,
                        "FilterRootCerts":  true,
                        "FilterTestCerts":  true,
                        "FilterExpired":  true,
                        "MinDaysRemaining":  -30
                    },
    "Security":  {
                     "EnableWindowsAuth":  true,
                     "EnableAnonymousAuth":  false,
                     "RequireSSL":  false,
                     "AllowedUsers":  [

                                      ],
                     "AllowedGroups":  [
                                           "Domain Admins",
                                           "Administrators"
                                       ]
                 },
    "AccessControl":  {
                          "Enabled":  true,
                          "AllowedHosts":  [
                                               "localhost",
                                               "127.0.0.1",
                                               "::1",
                                               "ITSC020",
                                               "ITSC020.srv.meduniwien.ac.at",
                                               "ITSCMGMT03.srv.meduniwien.ac.at",
                                               "ITSC020.cc.meduniwien.ac.at",
                                               "itsc049.uvw.meduniwien.ac.at"
                                           ],
                          "AllowedIPs":  [

                                         ],
                          "DenyByDefault":  true,
                          "LogDenied":  true,
                          "WhitelistMode":  true,
                          "ReadOnlyMode":  true,
                          "BlockedMethods":  [
                                                 "POST",
                                                 "PUT",
                                                 "DELETE",
                                                 "PATCH"
                                             ],
                          "AllowedMethods":  [
                                                 "GET",
                                                 "HEAD",
                                                 "OPTIONS"
                                             ]
                      },
    "Firewall":  {
                     "CreateRules":  true,
                     "RuleNamePrefix":  "CertSurveillance",
                     "EnableACLRules":  true,
                     "AllowedRemoteAddresses":  [
                                                    "10.0.0.0/8",
                                                    "172.16.0.0/12",
                                                    "192.168.0.0/16"
                                                ],
                     "BlockAllOther":  true,
                     "EnableLogging":  true
                 },
    "Logging":  {
                    "LogLevel":  "INFO",
                    "EnableEventLog":  true,
                    "LogRetentionDays":  30
                },
    "Performance":  {
                        "CacheEnabled":  true,
                        "CacheDurationMinutes":  15,
                        "MaxCertificatesPerPage":  100
                    },
    "UI":  {
               "Title":  "Certificate Surveillance Dashboard",
               "Theme":  {
                             "PrimaryColor":  "#111d4e",
                             "SecondaryColor":  "#5fb4e5",
                             "SuccessColor":  "#28a745",
                             "WarningColor":  "#ffc107",
                             "DangerColor":  "#dc3545"
                         },
               "RefreshIntervalSeconds":  300
           },
    "Deployment":  {
                       "PowerShellVersionsPath":  "PowerShell-Versions",
                       "PS5ScriptPath":  "PowerShell-Versions\\Deploy-CertWebService-PS5.ps1",
                       "PS7ScriptPath":  "PowerShell-Versions\\Deploy-CertWebService-PS7.ps1",
                       "ExcelPS5ScriptPath":  "PowerShell-Versions\\Deploy-FromExcel-PS5.ps1",
                       "ExcelPS7ScriptPath":  "PowerShell-Versions\\Deploy-FromExcel-PS7.ps1",
                       "GlobalAccess":  true,
                       "Description":  "PowerShell version-specific deployment scripts organized in subfolder"
                   },
    "API":  {
                "EnableAPI":  true,
                "APIPath":  "/api/certificates.json",
                "IncludePrivateKeyInfo":  false,
                "IncludeThumbprints":  true
            },
    "Paths":  {
                  "BaseDirectory":  "F:\\DEV\\repositories\\CertWebService",
                  "NetworkShare":  "\\\\itscmgmt03.srv.meduniwien.ac.at\\iso\\CertWebService",
                  "LocalInstall":  "C:\\CertWebService",
                  "TempDirectory":  "C:\\Temp\\CertWebService-Install",
                  "LogDirectory":  "Logs",
                  "ConfigDirectory":  "Config",
                  "ModulesDirectory":  "Modules",
                  "WebFilesDirectory":  "WebFiles",
                  "ScriptsDirectory":  "Scripts",
                  "DocumentationDirectory":  "Documentation",
                  "DeploymentDirectory":  "Deployment",
                  "ArchiveDirectory":  "Archive",
                  "TestDirectory":  "TEST"
              },
    "Scripts":  {
                    "MainScript":  "ScanCertificates.ps1",
                    "SetupScript":  "Setup.ps1",
                    "InstallerScript":  "CertWebService-Installer.ps1",
                    "InstallerFixed":  "Install-CertWebService-Fixed.ps1",
                    "InstallerBatch":  "Install-Fixed.bat",
                    "UpdateScript":  "Update.ps1",
                    "RemoveScript":  "Remove.ps1",
                    "DeployScript":  "Deploy-CertWebService.ps1",
                    "CleanupScript":  "Cleanup-CertWebService.ps1",
                    "LauncherScript":  "Deploy-Launcher.ps1"
                },
    "Files":  {
                  "ConfigFile":  "Config\\Config-CertWebService.json",
                  "VersionFile":  "VERSION.ps1",
                  "ReadmeFile":  "README.md",
                  "ChangelogFile":  "CHANGELOG.md",
                  "InstallBatch":  "Install.bat"
              },
    "Organization":  {
                         "CoreFiles":  [
                                           "ScanCertificates.ps1",
                                           "Setup.ps1",
                                           "CertWebService-Installer.ps1",
                                           "VERSION.ps1",
                                           "README.md"
                                       ],
                         "DeploymentFiles":  [
                                                 "Deploy-CertWebService.ps1",
                                                 "Deploy-Launcher.ps1",
                                                 "Install.bat"
                                             ],
                         "ManagementFiles":  [
                                                 "Update.ps1",
                                                 "Remove.ps1",
                                                 "Cleanup-CertWebService.ps1",
                                                 "Manage-CertWebService-Updates.ps1"
                                             ],
                         "DocumentationFiles":  [
                                                    "*.md",
                                                    "*.txt"
                                                ],
                         "ArchiveFiles":  [
                                              "old\\*",
                                              "PowerShell-Versions\\*"
                                          ]
                     }
}
