{
  "InstallationStarted": "🚀 Certificate Web Service installation started",
  "InstallationCompleted": "🎉 Installation completed successfully",
  "CertificateCreated": "📜 Self-signed certificate created",
  "WebServiceInstalled": "🌐 IIS web service installed",
  "ContentUpdated": "📊 Certificate content updated",
  "CreatingDirectory": "📁 Creating directory",
  "CheckingIIS": "🔍 Checking IIS installation",
  "InstallingIIS": "⚙️ Installing IIS Web Server Role",
  "ConfiguringAuth": "🔐 Configuring authentication",
  "CreatingWebsite": "🌐 Creating IIS website",
  "AddingHTTPS": "🔒 Adding HTTPS binding",
  "CreatingFirewallRules": "🛡️ Creating firewall rules",
  "GeneratingContent": "📄 Generating web content",
  "AccessURLs": "📡 Access URLs",
  "ImportantNotes": "⚠️ Important Notes",
  "SelfSignedAdded": "• Self-signed certificate was added to Trusted Root",
  "FirewallCreated": "• Firewall rules created for specified ports",
  "WindowsAuthEnabled": "• Windows Authentication is enabled",
  "UpdateCommand": "• Update certificate data with: Update-CertificateWebService",
  "Error": "❌ Error",
  "Warning": "⚠️ Warning",
  "Success": "✅ Success",
  "CertificateCount": "certificates found",
  "ExpiringIn30Days": "expiring in 30 days",
  "ExpiringIn7Days": "expiring in 7 days",
  "WithPrivateKey": "with private key",
  "TotalCertificates": "Total Certificates",
  "DaysRemaining": "Days Remaining",
  "Expires": "Expires",
  "Subject": "Subject",
  "Issuer": "Issuer",
  "Store": "Store",
  "PrivateKey": "Private Key",
  "RefreshData": "🔄 Refresh Data",
  "APIEndpoint": "API Endpoint",
  "AccessCertData": "Access certificate data programmatically"
}