{
  "InstallationStarted": "🚀 Zertifikat-Webservice Installation gestartet",
  "InstallationCompleted": "🎉 Installation erfolgreich abgeschlossen",
  "CertificateCreated": "📜 Self-signed Zertifikat erstellt",
  "WebServiceInstalled": "🌐 IIS Webservice installiert",
  "ContentUpdated": "📊 Zertifikatsdaten aktualisiert",
  "CreatingDirectory": "📁 Verzeichnis wird erstellt",
  "CheckingIIS": "🔍 IIS Installation prüfen",
  "InstallingIIS": "⚙️ IIS Web Server Rolle installieren",
  "ConfiguringAuth": "🔐 Authentifizierung konfigurieren",
  "CreatingWebsite": "🌐 IIS Website erstellen",
  "AddingHTTPS": "🔒 HTTPS-Binding hinzufügen",
  "CreatingFirewallRules": "🛡️ Firewall-Regeln erstellen",
  "GeneratingContent": "📄 Web-Inhalte generieren",
  "AccessURLs": "📡 Zugriffs-URLs",
  "ImportantNotes": "⚠️ Wichtige Hinweise",
  "SelfSignedAdded": "• Self-signed Zertifikat wurde zu Vertrauenswürdige Stammzertifizierungsstellen hinzugefügt",
  "FirewallCreated": "• Firewall-Regeln für die angegebenen Ports erstellt",
  "WindowsAuthEnabled": "• Windows-Authentifizierung ist aktiviert",
  "UpdateCommand": "• Zertifikatsdaten aktualisieren mit: Update-CertificateWebService",
  "Error": "❌ Fehler",
  "Warning": "⚠️ Warnung",
  "Success": "✅ Erfolg",
  "CertificateCount": "Zertifikate gefunden",
  "ExpiringIn30Days": "laufen in 30 Tagen ab",
  "ExpiringIn7Days": "laufen in 7 Tagen ab",
  "WithPrivateKey": "mit privatem Schlüssel",
  "TotalCertificates": "Zertifikate Gesamt",
  "DaysRemaining": "Tage verbleibend",
  "Expires": "Läuft ab",
  "Subject": "Subject",
  "Issuer": "Aussteller",
  "Store": "Speicher",
  "PrivateKey": "Privater Schlüssel",
  "RefreshData": "🔄 Daten aktualisieren",
  "APIEndpoint": "API Endpunkt",
  "AccessCertData": "Programmatischer Zugriff auf Zertifikatsdaten"
}