{
    "WebService": {
        "Title": "Certificate Web Service",
        "Description": "High-performance certificate surveillance dashboard",
        "LastUpdate": "Last Update",
        "Server": "Server",
        "Status": "Status"
    },
    "Certificates": {
        "Total": "Total Certificates",
        "Valid": "Valid",
        "Expiring": "Expiring (≤30 days)",
        "Expired": "Expired",
        "Subject": "Subject",
        "Issuer": "Issuer",
        "ExpiryDate": "Expiry Date",
        "DaysRemaining": "Days Remaining",
        "Store": "Certificate Store"
    },
    "Messages": {
        "Loading": "Loading certificate data...",
        "Error": "Error loading certificate information",
        "NoData": "No certificate data available",
        "Refresh": "Refresh Data"
    },
    "Navigation": {
        "Dashboard": "Dashboard",
        "API": "API Documentation",
        "Settings": "Settings"
    }
}